[
  {
    "id": "1",
    "nome": "Automax - Matriz São Paulo",
    "rua": "Avenida Paulista",
    "numero": "1578",
    "bairro": "Bela Vista",
    "cidade": "São Paulo",
    "estado": "SP",
    "cep": "01310-200",
    "telefone": "(11) 3000-0001",
    "horarioFuncionamento": "Seg-Sex: 08h-18h, Sáb: 09h-13h",
    "latitude": -23.5614,
    "longitude": -46.6558,
    "active": true
  },
  {
    "id": "2",
    "nome": "Automax - Filial Rio de Janeiro",
    "rua": "Avenida Atlântica",
    "numero": "2000",
    "bairro": "Copacabana",
    "cidade": "Rio de Janeiro",
    "estado": "RJ",
    "cep": "22021-000",
    "telefone": "(21) 3000-0002",
    "horarioFuncionamento": "Seg-Sex: 08h-18h, Sáb: 09h-13h",
    "latitude": -22.9711,
    "longitude": -43.1822,
    "active": true
  },
  {
    "id": "3",
    "nome": "Automax - Filial Belo Horizonte",
    "rua": "Avenida Afonso Pena",
    "numero": "3000",
    "bairro": "Centro",
    "cidade": "Belo Horizonte",
    "estado": "MG",
    "cep": "30130-009",
    "telefone": "(31) 3000-0003",
    "horarioFuncionamento": "Seg-Sex: 08h-18h, Sáb: 09h-13h",
    "latitude": -19.9167,
    "longitude": -43.9345,
    "active": true
  },
  {
    "id": "4",
    "nome": "Automax - Filial Curitiba",
    "rua": "Rua das Flores",
    "numero": "500",
    "bairro": "Centro",
    "cidade": "Curitiba",
    "estado": "PR",
    "cep": "80020-310",
    "telefone": "(41) 3000-0004",
    "horarioFuncionamento": "Seg-Sex: 08h-18h, Sáb: 09h-13h",
    "latitude": -25.4284,
    "longitude": -49.2733,
    "active": true
  },
  {
    "id": "5",
    "nome": "Automax - Filial Porto Alegre",
    "rua": "Avenida Borges de Medeiros",
    "numero": "1500",
    "bairro": "Centro Histórico",
    "cidade": "Porto Alegre",
    "estado": "RS",
    "cep": "90020-020",
    "telefone": "(51) 3000-0005",
    "horarioFuncionamento": "Seg-Sex: 08h-18h, Sáb: 09h-13h",
    "latitude": -30.0346,
    "longitude": -51.2177,
    "active": true
  },
  {
    "id": "6",
    "nome": "Automax - Filial Campinas",
    "rua": "Avenida Norte-Sul",
    "numero": "2500",
    "bairro": "Cambuí",
    "cidade": "Campinas",
    "estado": "SP",
    "cep": "13025-240",
    "telefone": "(19) 3000-0006",
    "horarioFuncionamento": "Seg-Sex: 08h-18h, Sáb: 09h-13h",
    "latitude": -22.9056,
    "longitude": -47.0608,
    "active": true
  },
  {
    "id": "7",
    "nome": "Automax - Filial Santos",
    "rua": "Avenida Ana Costa",
    "numero": "800",
    "bairro": "Gonzaga",
    "cidade": "Santos",
    "estado": "SP",
    "cep": "11060-001",
    "telefone": "(13) 3000-0007",
    "horarioFuncionamento": "Seg-Sex: 08h-18h, Sáb: 09h-13h",
    "latitude": -23.9608,
    "longitude": -46.3331,
    "active": true
  },
  {
    "id": "8",
    "nome": "Automax - Filial Guarulhos",
    "rua": "Avenida Tiradentes",
    "numero": "3500",
    "bairro": "Vila Galvão",
    "cidade": "Guarulhos",
    "estado": "SP",
    "cep": "07070-000",
    "telefone": "(11) 3000-0008",
    "horarioFuncionamento": "Seg-Sex: 08h-18h, Sáb: 09h-13h",
    "latitude": -23.4538,
    "longitude": -46.5332,
    "active": true
  },
  {
    "id": "9",
    "nome": "Automax - Filial São Bernardo do Campo",
    "rua": "Avenida Kennedy",
    "numero": "1200",
    "bairro": "Centro",
    "cidade": "São Bernardo do Campo",
    "estado": "SP",
    "cep": "09720-000",
    "telefone": "(11) 3000-0009",
    "horarioFuncionamento": "Seg-Sex: 08h-18h, Sáb: 09h-13h",
    "latitude": -23.6939,
    "longitude": -46.5650,
    "active": true
  },
  {
    "id": "10",
    "nome": "Automax - Filial Osasco",
    "rua": "Avenida dos Autonomistas",
    "numero": "2000",
    "bairro": "Centro",
    "cidade": "Osasco",
    "estado": "SP",
    "cep": "06020-000",
    "telefone": "(11) 3000-0010",
    "horarioFuncionamento": "Seg-Sex: 08h-18h, Sáb: 09h-13h",
    "latitude": -23.5329,
    "longitude": -46.7915,
    "active": true
  },
  {
    "id": "11",
    "nome": "Automax - Filial Pinheiros",
    "rua": "Rua dos Pinheiros",
    "numero": "1100",
    "bairro": "Pinheiros",
    "cidade": "São Paulo",
    "estado": "SP",
    "cep": "05422-001",
    "telefone": "(11) 3000-0011",
    "horarioFuncionamento": "Seg-Sex: 08h-18h, Sáb: 09h-13h",
    "latitude": -23.5679,
    "longitude": -46.6917,
    "active": true
  },
  {
    "id": "12",
    "nome": "Automax - Filial Vila Madalena",
    "rua": "Rua Harmonia",
    "numero": "800",
    "bairro": "Vila Madalena",
    "cidade": "São Paulo",
    "estado": "SP",
    "cep": "05435-000",
    "telefone": "(11) 3000-0012",
    "horarioFuncionamento": "Seg-Sex: 08h-18h, Sáb: 09h-13h",
    "latitude": -23.5489,
    "longitude": -46.6938,
    "active": true
  },
  {
    "id": "13",
    "nome": "Automax - Filial Moema",
    "rua": "Avenida Ibirapuera",
    "numero": "3100",
    "bairro": "Moema",
    "cidade": "São Paulo",
    "estado": "SP",
    "cep": "04029-200",
    "telefone": "(11) 3000-0013",
    "horarioFuncionamento": "Seg-Sex: 08h-18h, Sáb: 09h-13h",
    "latitude": -23.6003,
    "longitude": -46.6653,
    "active": true
  },
  {
    "id": "14",
    "nome": "Automax - Filial Itaim Bibi",
    "rua": "Avenida Brigadeiro Faria Lima",
    "numero": "2000",
    "bairro": "Itaim Bibi",
    "cidade": "São Paulo",
    "estado": "SP",
    "cep": "04538-132",
    "telefone": "(11) 3000-0014",
    "horarioFuncionamento": "Seg-Sex: 08h-18h, Sáb: 09h-13h",
    "latitude": -23.5855,
    "longitude": -46.6867,
    "active": true
  },
  {
    "id": "15",
    "nome": "Automax - Filial Vila Olímpia",
    "rua": "Rua Funchal",
    "numero": "500",
    "bairro": "Vila Olímpia",
    "cidade": "São Paulo",
    "estado": "SP",
    "cep": "04551-060",
    "telefone": "(11) 3000-0015",
    "horarioFuncionamento": "Seg-Sex: 08h-18h, Sáb: 09h-13h",
    "latitude": -23.5925,
    "longitude": -46.6881,
    "active": true
  },
  {
    "id": "16",
    "nome": "Automax - Filial Jardins",
    "rua": "Avenida Rebouças",
    "numero": "1800",
    "bairro": "Jardins",
    "cidade": "São Paulo",
    "estado": "SP",
    "cep": "05402-000",
    "telefone": "(11) 3000-0016",
    "horarioFuncionamento": "Seg-Sex: 08h-18h, Sáb: 09h-13h",
    "latitude": -23.5700,
    "longitude": -46.6700,
    "active": true
  },
  {
    "id": "17",
    "nome": "Automax - Filial Tatuapé",
    "rua": "Rua Tuiuti",
    "numero": "1500",
    "bairro": "Tatuapé",
    "cidade": "São Paulo",
    "estado": "SP",
    "cep": "03307-000",
    "telefone": "(11) 3000-0017",
    "horarioFuncionamento": "Seg-Sex: 08h-18h, Sáb: 09h-13h",
    "latitude": -23.5400,
    "longitude": -46.5750,
    "active": true
  },
  {
    "id": "18",
    "nome": "Automax - Filial Santana",
    "rua": "Avenida Cruzeiro do Sul",
    "numero": "2200",
    "bairro": "Santana",
    "cidade": "São Paulo",
    "estado": "SP",
    "cep": "02030-000",
    "telefone": "(11) 3000-0018",
    "horarioFuncionamento": "Seg-Sex: 08h-18h, Sáb: 09h-13h",
    "latitude": -23.5000,
    "longitude": -46.6250,
    "active": true
  },
  {
    "id": "19",
    "nome": "Automax - Filial Vila Mariana",
    "rua": "Rua Domingos de Morais",
    "numero": "1000",
    "bairro": "Vila Mariana",
    "cidade": "São Paulo",
    "estado": "SP",
    "cep": "04010-000",
    "telefone": "(11) 3000-0019",
    "horarioFuncionamento": "Seg-Sex: 08h-18h, Sáb: 09h-13h",
    "latitude": -23.5900,
    "longitude": -46.6300,
    "active": true
  },
  {
    "id": "20",
    "nome": "Automax - Filial Liberdade",
    "rua": "Rua Galvão Bueno",
    "numero": "600",
    "bairro": "Liberdade",
    "cidade": "São Paulo",
    "estado": "SP",
    "cep": "01510-000",
    "telefone": "(11) 3000-0020",
    "horarioFuncionamento": "Seg-Sex: 08h-18h, Sáb: 09h-13h",
    "latitude": -23.5600,
    "longitude": -46.6350,
    "active": true
  }
]

